{
  "compute_tier": "T4",
  "base_model": "unsloth/Qwen2.5-3B-bnb-4bit",
  "beta": 0.1,
  "lr": 5e-07,
  "epochs": 1,
  "final_train_loss": 0.8074940700531006,
  "end_chosen_reward": -0.8851361870765686,
  "end_rejected_reward": -0.959721052646637,
  "end_reward_gap": 0.07458486557006838
}